bathrooms,bedrooms,city,construction_type,construction_year,deposit,description,energylabel,features,furnishedstate,id,lat,livingsurface,lon,parking,photos,price,propertytype,province,rooms,servicecosts,status,street,streetnr,thumbnails,totalvolume,url,zipcode
0,0,Amsterdam,,,0,"
Te huur ruime garagebox vlakbij de Zuid-as en Gelderlandplein (beide op 3 minuten wandel-afstand).

Garagebox is recent fris geschilderd.

Ook geschikt voor opslag of het parkeren van een SUV of bestelauto .
Huurprijs v.a. 225 p/m, inclusief service-kosten. Zakelijk huren/uitreiking BTW-factuur mogelijk.",,,,9372610a9b8e36cb3d4da08c8fdb923529d5c1,52.3316552,0,4.871205700000019,,"https://media.goesenroos.nl/tr:n-2160w/wonen/9372610a9b8e36cb3d4da08c8fdb923529d5c1/110682175.jpg,https://media.goesenroos.nl/tr:n-2160w/wonen/9372610a9b8e36cb3d4da08c8fdb923529d5c1/110682177.jpg",225.0,,,0,,,Valkhof 93,,"https://media.goesenroos.nl/tr:n-360w/wonen/9372610a9b8e36cb3d4da08c8fdb923529d5c1/110682175.jpg,https://media.goesenroos.nl/tr:n-360w/wonen/9372610a9b8e36cb3d4da08c8fdb923529d5c1/110682177.jpg",,https://www.keizerskroonmakelaars.nl/valkhof-93-amsterdam-9372610a9b8e36cb3d4da08c8fdb923529d5c1,1082VE
0,1,Amsterdam,,,0,"
Beautiful characteristic UNFURNISHED apartment of 85m2 with high ceilings, a large kitchen, a bedroom, a bathroom, 2 balconies and an amazing view over the canal. This apartment is located on the first floor!

Layout:
Through the common entrance you enter this charming apartment on the first floor. The spacious living room with a high ceiling is located at the front of the house. The apartment is very light, has 2 windows with wide views and a French balcony. The living room has an open kitchen which can be fully equipped with various appliances. The whole apartment has a beautiful wooden herringbone floor, a fireplace and the authentic details give lots of character.

The bedroom is located at the rear, very quiet, and gives access to a spacious balcony. The bathroom has a shower, a sink and a toilet. Located next to the bedroom, a large storage room is equipped as a laundry room with both a washing machine and dryer.

Details:
- Rental price € 2.200,- excluding utilities
- Deposit 2 months' rent
- Unfurnished
- Available since 1st of December 2021
- Separate storage / laundry room
- Smoking and pets are not allowed

Location
The apartment is situated in a quiet part but the lively and popular Utrechtsestraat with a large variety of charming shops, cafes and restaurants are around the corner and also ""The Hermitage"" and ""Theater Carré"".
Public transport towards Amsterdam Central Station and Amsterdam South WTC within walking distance.",,"aan water, in centrum, in woonwijk cv ketel frans balkon ",,93726104b7c2a5eaa748ba8f11059759a1c2ff,52.35899332,0,4.90246434,,"https://media.goesenroos.nl/tr:n-2160w/wonen/93726104b7c2a5eaa748ba8f11059759a1c2ff/115699254.jpg,https://media.goesenroos.nl/tr:n-2160w/wonen/93726104b7c2a5eaa748ba8f11059759a1c2ff/115699258.jpg,https://media.goesenroos.nl/tr:n-2160w/wonen/93726104b7c2a5eaa748ba8f11059759a1c2ff/115699256.jpg,https://media.goesenroos.nl/tr:n-2160w/wonen/93726104b7c2a5eaa748ba8f11059759a1c2ff/115699260.jpg,https://media.goesenroos.nl/tr:n-2160w/wonen/93726104b7c2a5eaa748ba8f11059759a1c2ff/115699262.jpg,https://media.goesenroos.nl/tr:n-2160w/wonen/93726104b7c2a5eaa748ba8f11059759a1c2ff/115699264.jpg,https://media.goesenroos.nl/tr:n-2160w/wonen/93726104b7c2a5eaa748ba8f11059759a1c2ff/115699252.jpg,https://media.goesenroos.nl/tr:n-2160w/wonen/93726104b7c2a5eaa748ba8f11059759a1c2ff/115699268.jpg,https://media.goesenroos.nl/tr:n-2160w/wonen/93726104b7c2a5eaa748ba8f11059759a1c2ff/115699269.jpg,https://media.goesenroos.nl/tr:n-2160w/wonen/93726104b7c2a5eaa748ba8f11059759a1c2ff/115699271.jpg,https://media.goesenroos.nl/tr:n-2160w/wonen/93726104b7c2a5eaa748ba8f11059759a1c2ff/115699273.jpg,https://media.goesenroos.nl/tr:n-2160w/wonen/93726104b7c2a5eaa748ba8f11059759a1c2ff/115699275.jpg,https://media.goesenroos.nl/tr:n-2160w/wonen/93726104b7c2a5eaa748ba8f11059759a1c2ff/115699277.jpg,https://media.goesenroos.nl/tr:n-2160w/wonen/93726104b7c2a5eaa748ba8f11059759a1c2ff/115699279.jpg,https://media.goesenroos.nl/tr:n-2160w/wonen/93726104b7c2a5eaa748ba8f11059759a1c2ff/115699280.jpg,https://media.goesenroos.nl/tr:n-2160w/wonen/93726104b7c2a5eaa748ba8f11059759a1c2ff/115699282.jpg,https://media.goesenroos.nl/tr:n-2160w/wonen/93726104b7c2a5eaa748ba8f11059759a1c2ff/115699284.jpg,https://media.goesenroos.nl/tr:n-2160w/wonen/93726104b7c2a5eaa748ba8f11059759a1c2ff/115699286.jpg,https://media.goesenroos.nl/tr:n-2160w/wonen/93726104b7c2a5eaa748ba8f11059759a1c2ff/115699288.jpg,https://media.goesenroos.nl/tr:n-2160w/wonen/93726104b7c2a5eaa748ba8f11059759a1c2ff/115699290.jpg,https://media.goesenroos.nl/tr:n-2160w/wonen/93726104b7c2a5eaa748ba8f11059759a1c2ff/115699292.jpg,https://media.goesenroos.nl/tr:n-2160w/wonen/93726104b7c2a5eaa748ba8f11059759a1c2ff/115699294.jpg,https://media.goesenroos.nl/tr:n-2160w/wonen/93726104b7c2a5eaa748ba8f11059759a1c2ff/115699299.jpg,https://media.goesenroos.nl/tr:n-2160w/wonen/93726104b7c2a5eaa748ba8f11059759a1c2ff/115699302.jpg,https://media.goesenroos.nl/tr:n-2160w/wonen/93726104b7c2a5eaa748ba8f11059759a1c2ff/115699306.jpg,https://media.goesenroos.nl/tr:n-2160w/wonen/93726104b7c2a5eaa748ba8f11059759a1c2ff/115699310.jpg,https://media.goesenroos.nl/tr:n-2160w/wonen/93726104b7c2a5eaa748ba8f11059759a1c2ff/115699314.jpg,https://media.goesenroos.nl/tr:n-2160w/wonen/93726104b7c2a5eaa748ba8f11059759a1c2ff/115699317.jpg",0,bovenwoning,,0,,,Sarphatikade 20-1,,"https://media.goesenroos.nl/tr:n-360w/wonen/93726104b7c2a5eaa748ba8f11059759a1c2ff/115699254.jpg,https://media.goesenroos.nl/tr:n-360w/wonen/93726104b7c2a5eaa748ba8f11059759a1c2ff/115699258.jpg,https://media.goesenroos.nl/tr:n-360w/wonen/93726104b7c2a5eaa748ba8f11059759a1c2ff/115699256.jpg,https://media.goesenroos.nl/tr:n-360w/wonen/93726104b7c2a5eaa748ba8f11059759a1c2ff/115699260.jpg,https://media.goesenroos.nl/tr:n-360w/wonen/93726104b7c2a5eaa748ba8f11059759a1c2ff/115699262.jpg,https://media.goesenroos.nl/tr:n-360w/wonen/93726104b7c2a5eaa748ba8f11059759a1c2ff/115699264.jpg,https://media.goesenroos.nl/tr:n-360w/wonen/93726104b7c2a5eaa748ba8f11059759a1c2ff/115699252.jpg,https://media.goesenroos.nl/tr:n-360w/wonen/93726104b7c2a5eaa748ba8f11059759a1c2ff/115699268.jpg,https://media.goesenroos.nl/tr:n-360w/wonen/93726104b7c2a5eaa748ba8f11059759a1c2ff/115699269.jpg,https://media.goesenroos.nl/tr:n-360w/wonen/93726104b7c2a5eaa748ba8f11059759a1c2ff/115699271.jpg,https://media.goesenroos.nl/tr:n-360w/wonen/93726104b7c2a5eaa748ba8f11059759a1c2ff/115699273.jpg,https://media.goesenroos.nl/tr:n-360w/wonen/93726104b7c2a5eaa748ba8f11059759a1c2ff/115699275.jpg,https://media.goesenroos.nl/tr:n-360w/wonen/93726104b7c2a5eaa748ba8f11059759a1c2ff/115699277.jpg,https://media.goesenroos.nl/tr:n-360w/wonen/93726104b7c2a5eaa748ba8f11059759a1c2ff/115699279.jpg,https://media.goesenroos.nl/tr:n-360w/wonen/93726104b7c2a5eaa748ba8f11059759a1c2ff/115699280.jpg,https://media.goesenroos.nl/tr:n-360w/wonen/93726104b7c2a5eaa748ba8f11059759a1c2ff/115699282.jpg,https://media.goesenroos.nl/tr:n-360w/wonen/93726104b7c2a5eaa748ba8f11059759a1c2ff/115699284.jpg,https://media.goesenroos.nl/tr:n-360w/wonen/93726104b7c2a5eaa748ba8f11059759a1c2ff/115699286.jpg,https://media.goesenroos.nl/tr:n-360w/wonen/93726104b7c2a5eaa748ba8f11059759a1c2ff/115699288.jpg,https://media.goesenroos.nl/tr:n-360w/wonen/93726104b7c2a5eaa748ba8f11059759a1c2ff/115699290.jpg,https://media.goesenroos.nl/tr:n-360w/wonen/93726104b7c2a5eaa748ba8f11059759a1c2ff/115699292.jpg,https://media.goesenroos.nl/tr:n-360w/wonen/93726104b7c2a5eaa748ba8f11059759a1c2ff/115699294.jpg,https://media.goesenroos.nl/tr:n-360w/wonen/93726104b7c2a5eaa748ba8f11059759a1c2ff/115699299.jpg,https://media.goesenroos.nl/tr:n-360w/wonen/93726104b7c2a5eaa748ba8f11059759a1c2ff/115699302.jpg,https://media.goesenroos.nl/tr:n-360w/wonen/93726104b7c2a5eaa748ba8f11059759a1c2ff/115699306.jpg,https://media.goesenroos.nl/tr:n-360w/wonen/93726104b7c2a5eaa748ba8f11059759a1c2ff/115699310.jpg,https://media.goesenroos.nl/tr:n-360w/wonen/93726104b7c2a5eaa748ba8f11059759a1c2ff/115699314.jpg,https://media.goesenroos.nl/tr:n-360w/wonen/93726104b7c2a5eaa748ba8f11059759a1c2ff/115699317.jpg",,https://www.keizerskroonmakelaars.nl/sarphatikade-20-1-amsterdam-93726104b7c2a5eaa748ba8f11059759a1c2ff,1017WV
1,2,Amsterdam,,,0,"
Bright and unfurnished upper house of 100m2 with a wide terrace which is located on a nice and cozy street surrounded by a wide range of stores and restaurants. The apartment has two spacious bedrooms, a modern bathroom, a luxurious kitchen and living room. The apartment is located in the heart of Amsterdam, city center near The Jordaan, Noordermarkt and Central Station.

Layout:
You enter the apartment on the second floor through a common staircase. Here is a coat rack where you can hang your coats. Through the internal staircase you arrive on the third floor which gives you access to the two bedrooms and bathroom. The large bedroom at the rear has three large windows and built-in wardrobes. The second bedroom also has a built-in closet and is located at the front of the property. This room could also be used as a guest room or study. The modern bathroom has a bathtub, walk-in shower, toilet and a sink with mirror. On the landing there is a separate room for the washing machine and dryer.

The staircase takes you to the fourth and also the top floor with many windows all around and a sliding door to the terrace at the rear. The open and very luxurious kitchen is equipped with a dishwasher, refrigerator, freezer, induction stove and an oven.

The landlord leaves some furniture in the apartment. In the living room these are the custom made wooden table, green sofa with small chair, TV/bookcase and the television. On the outside terrace the two chairs and flower box will remain.

The entire apartment has a wooden floor and double glazing.

Details:
- Rental price: €2.500,- excl. utilities and local taxes
- 2 months deposit
- 100m2
- Partly furnished: dining room table, green couch with chair, TV/bookcase, television, terrace chairs and flower box
- 2 bedrooms
- Balcony facing South
- Separate storage
- Maximum 24 months, model B
- Mandatory cleaning 2 times a month, excluding the rental price

Location:
The apartment is located at the buzzing Haarlemmerdijk with plenty shops, coffee shops around the corner. There are also several caterers, hair salons and various supermarkets. It’s a famous neighbourhood and also near by the Jordaan and the Noordermarkt. The Amsterdam Central Train Station is about a few minutes by bike and within walking distance you are at the Haarlemmerplein. The public transport in this area is very good, there are different tram and bus lines. The high way is easily accessible.",,"aan drukke weg, in centrum cv ketel mechanische ventilatie, tv kabel ",,9372619e64e08e50b34d41a72204b053f74513,52.38363765,0,4.88521555,,"https://media.goesenroos.nl/tr:n-2160w/wonen/9372619e64e08e50b34d41a72204b053f74513/116093798.jpg,https://media.goesenroos.nl/tr:n-2160w/wonen/9372619e64e08e50b34d41a72204b053f74513/116093815.jpg,https://media.goesenroos.nl/tr:n-2160w/wonen/9372619e64e08e50b34d41a72204b053f74513/116093800.jpg,https://media.goesenroos.nl/tr:n-2160w/wonen/9372619e64e08e50b34d41a72204b053f74513/116093801.jpg,https://media.goesenroos.nl/tr:n-2160w/wonen/9372619e64e08e50b34d41a72204b053f74513/116093802.jpg,https://media.goesenroos.nl/tr:n-2160w/wonen/9372619e64e08e50b34d41a72204b053f74513/116093803.jpg,https://media.goesenroos.nl/tr:n-2160w/wonen/9372619e64e08e50b34d41a72204b053f74513/116093804.jpg,https://media.goesenroos.nl/tr:n-2160w/wonen/9372619e64e08e50b34d41a72204b053f74513/116093806.jpg,https://media.goesenroos.nl/tr:n-2160w/wonen/9372619e64e08e50b34d41a72204b053f74513/116093807.jpg,https://media.goesenroos.nl/tr:n-2160w/wonen/9372619e64e08e50b34d41a72204b053f74513/116132824.jpg,https://media.goesenroos.nl/tr:n-2160w/wonen/9372619e64e08e50b34d41a72204b053f74513/116093808.jpg,https://media.goesenroos.nl/tr:n-2160w/wonen/9372619e64e08e50b34d41a72204b053f74513/116093811.jpg,https://media.goesenroos.nl/tr:n-2160w/wonen/9372619e64e08e50b34d41a72204b053f74513/116093810.jpg,https://media.goesenroos.nl/tr:n-2160w/wonen/9372619e64e08e50b34d41a72204b053f74513/116093812.jpg,https://media.goesenroos.nl/tr:n-2160w/wonen/9372619e64e08e50b34d41a72204b053f74513/116093805.jpg,https://media.goesenroos.nl/tr:n-2160w/wonen/9372619e64e08e50b34d41a72204b053f74513/116133055.jpg,https://media.goesenroos.nl/tr:n-2160w/wonen/9372619e64e08e50b34d41a72204b053f74513/116133056.jpg,https://media.goesenroos.nl/tr:n-2160w/wonen/9372619e64e08e50b34d41a72204b053f74513/116133057.jpg,https://media.goesenroos.nl/tr:n-2160w/wonen/9372619e64e08e50b34d41a72204b053f74513/116133058.jpg,https://media.goesenroos.nl/tr:n-2160w/wonen/9372619e64e08e50b34d41a72204b053f74513/116133059.jpg,https://media.goesenroos.nl/tr:n-2160w/wonen/9372619e64e08e50b34d41a72204b053f74513/116133060.jpg,https://media.goesenroos.nl/tr:n-2160w/wonen/9372619e64e08e50b34d41a72204b053f74513/116093822.jpg,https://media.goesenroos.nl/tr:n-2160w/wonen/9372619e64e08e50b34d41a72204b053f74513/116093823.jpg",2500.0,bovenwoning,,0,,,Haarlemmerdijk 139B,,"https://media.goesenroos.nl/tr:n-360w/wonen/9372619e64e08e50b34d41a72204b053f74513/116093798.jpg,https://media.goesenroos.nl/tr:n-360w/wonen/9372619e64e08e50b34d41a72204b053f74513/116093815.jpg,https://media.goesenroos.nl/tr:n-360w/wonen/9372619e64e08e50b34d41a72204b053f74513/116093800.jpg,https://media.goesenroos.nl/tr:n-360w/wonen/9372619e64e08e50b34d41a72204b053f74513/116093801.jpg,https://media.goesenroos.nl/tr:n-360w/wonen/9372619e64e08e50b34d41a72204b053f74513/116093802.jpg,https://media.goesenroos.nl/tr:n-360w/wonen/9372619e64e08e50b34d41a72204b053f74513/116093803.jpg,https://media.goesenroos.nl/tr:n-360w/wonen/9372619e64e08e50b34d41a72204b053f74513/116093804.jpg,https://media.goesenroos.nl/tr:n-360w/wonen/9372619e64e08e50b34d41a72204b053f74513/116093806.jpg,https://media.goesenroos.nl/tr:n-360w/wonen/9372619e64e08e50b34d41a72204b053f74513/116093807.jpg,https://media.goesenroos.nl/tr:n-360w/wonen/9372619e64e08e50b34d41a72204b053f74513/116132824.jpg,https://media.goesenroos.nl/tr:n-360w/wonen/9372619e64e08e50b34d41a72204b053f74513/116093808.jpg,https://media.goesenroos.nl/tr:n-360w/wonen/9372619e64e08e50b34d41a72204b053f74513/116093811.jpg,https://media.goesenroos.nl/tr:n-360w/wonen/9372619e64e08e50b34d41a72204b053f74513/116093810.jpg,https://media.goesenroos.nl/tr:n-360w/wonen/9372619e64e08e50b34d41a72204b053f74513/116093812.jpg,https://media.goesenroos.nl/tr:n-360w/wonen/9372619e64e08e50b34d41a72204b053f74513/116093805.jpg,https://media.goesenroos.nl/tr:n-360w/wonen/9372619e64e08e50b34d41a72204b053f74513/116133055.jpg,https://media.goesenroos.nl/tr:n-360w/wonen/9372619e64e08e50b34d41a72204b053f74513/116133056.jpg,https://media.goesenroos.nl/tr:n-360w/wonen/9372619e64e08e50b34d41a72204b053f74513/116133057.jpg,https://media.goesenroos.nl/tr:n-360w/wonen/9372619e64e08e50b34d41a72204b053f74513/116133058.jpg,https://media.goesenroos.nl/tr:n-360w/wonen/9372619e64e08e50b34d41a72204b053f74513/116133059.jpg,https://media.goesenroos.nl/tr:n-360w/wonen/9372619e64e08e50b34d41a72204b053f74513/116133060.jpg,https://media.goesenroos.nl/tr:n-360w/wonen/9372619e64e08e50b34d41a72204b053f74513/116093822.jpg,https://media.goesenroos.nl/tr:n-360w/wonen/9372619e64e08e50b34d41a72204b053f74513/116093823.jpg",,https://www.keizerskroonmakelaars.nl/haarlemmerdijk-139b-amsterdam-9372619e64e08e50b34d41a72204b053f74513,1013KG
2,3,Amsterdam,,,0,"
Beautiful renovated unfurnished apartment of 150m2 with three bedrooms, two bathrooms, a modern kitchen with balcony, a laundry room and a spacious living room. The apartment on the third floor is located in a beautiful and quiet neighbourhood the “Rivierenbuurt”.
Layout:
Through the common entrance, you will enter the apartment on the third floor. The hallway gives access to all the rooms. At the front, you have the living room with a beautiful wooden floor and equipped with many windows. This ensures a lot of light in the room. The separate modern living kitchen with a balcony, facing West, is provided with a large fridge, freezer, dishwasher and an oven. Next to the kitchen you have a laundry room/pantry with a washing machine. There is also a separate toilet.
With the wooden staircase you enter the first floor with two bedrooms and two bathrooms. The master bedroom has a built-in wardrobe and ensuite a modern bathroom with a toilet, a sink and a walk-in shower. At the front the second bedroom or home office. The bathroom in the hallway is also provided with a walk-in shower, toilet and a sink.
The second floor can be used as a spacious double bedroom or chill area.
Details:
-	Rental price: €3.500,- excluding utilities and local taxes
-	Deposit 2 months rent
-	Unfurnished
-	150 M2
-	3 bedrooms
-	Mandatory cleaning twice a month, excluding the rental price
-	Recently renovated
-	Spacious apartment
Location:
This apartment is located in the lovely neighbourhood the “Rivierenbuurt”. It’s quiet and nice living area with lots of green. Near by you have the Maasstraat, Rijnstraat and the Scheldestraat, ideal for shops, restaurants, schools and sports facilities. Also the lovely Pijp area is within walking distance. The public transport is within walking distance, also the city center, RAI conference center and the Beatrixpark. Also the direct roads are just around the corner, with connections to the A10 and A2 ring roads. From there you can be on the A1 or A4 within five minutes.",,"aan rustige weg, in woonwijk ",,9372619a29f90c001349c8a07a80a81fd43fc7,52.34316343,0,4.90185944,,"https://media.goesenroos.nl/tr:n-2160w/wonen/9372619a29f90c001349c8a07a80a81fd43fc7/112993638.jpg,https://media.goesenroos.nl/tr:n-2160w/wonen/9372619a29f90c001349c8a07a80a81fd43fc7/112993639.jpg,https://media.goesenroos.nl/tr:n-2160w/wonen/9372619a29f90c001349c8a07a80a81fd43fc7/112993640.jpg,https://media.goesenroos.nl/tr:n-2160w/wonen/9372619a29f90c001349c8a07a80a81fd43fc7/112993641.jpg,https://media.goesenroos.nl/tr:n-2160w/wonen/9372619a29f90c001349c8a07a80a81fd43fc7/112993642.jpg,https://media.goesenroos.nl/tr:n-2160w/wonen/9372619a29f90c001349c8a07a80a81fd43fc7/112993643.jpg,https://media.goesenroos.nl/tr:n-2160w/wonen/9372619a29f90c001349c8a07a80a81fd43fc7/112993644.jpg,https://media.goesenroos.nl/tr:n-2160w/wonen/9372619a29f90c001349c8a07a80a81fd43fc7/112993645.jpg,https://media.goesenroos.nl/tr:n-2160w/wonen/9372619a29f90c001349c8a07a80a81fd43fc7/112993646.jpg,https://media.goesenroos.nl/tr:n-2160w/wonen/9372619a29f90c001349c8a07a80a81fd43fc7/112993647.jpg,https://media.goesenroos.nl/tr:n-2160w/wonen/9372619a29f90c001349c8a07a80a81fd43fc7/112993648.jpg,https://media.goesenroos.nl/tr:n-2160w/wonen/9372619a29f90c001349c8a07a80a81fd43fc7/112993649.jpg,https://media.goesenroos.nl/tr:n-2160w/wonen/9372619a29f90c001349c8a07a80a81fd43fc7/112993650.jpg,https://media.goesenroos.nl/tr:n-2160w/wonen/9372619a29f90c001349c8a07a80a81fd43fc7/112993651.jpg,https://media.goesenroos.nl/tr:n-2160w/wonen/9372619a29f90c001349c8a07a80a81fd43fc7/112993652.jpg,https://media.goesenroos.nl/tr:n-2160w/wonen/9372619a29f90c001349c8a07a80a81fd43fc7/112993653.jpg,https://media.goesenroos.nl/tr:n-2160w/wonen/9372619a29f90c001349c8a07a80a81fd43fc7/112993654.jpg,https://media.goesenroos.nl/tr:n-2160w/wonen/9372619a29f90c001349c8a07a80a81fd43fc7/112993655.jpg,https://media.goesenroos.nl/tr:n-2160w/wonen/9372619a29f90c001349c8a07a80a81fd43fc7/112993656.jpg,https://media.goesenroos.nl/tr:n-2160w/wonen/9372619a29f90c001349c8a07a80a81fd43fc7/112993657.jpg,https://media.goesenroos.nl/tr:n-2160w/wonen/9372619a29f90c001349c8a07a80a81fd43fc7/112993658.jpg,https://media.goesenroos.nl/tr:n-2160w/wonen/9372619a29f90c001349c8a07a80a81fd43fc7/112993659.jpg,https://media.goesenroos.nl/tr:n-2160w/wonen/9372619a29f90c001349c8a07a80a81fd43fc7/112993660.jpg,https://media.goesenroos.nl/tr:n-2160w/wonen/9372619a29f90c001349c8a07a80a81fd43fc7/112993661.jpg,https://media.goesenroos.nl/tr:n-2160w/wonen/9372619a29f90c001349c8a07a80a81fd43fc7/112993662.jpg,https://media.goesenroos.nl/tr:n-2160w/wonen/9372619a29f90c001349c8a07a80a81fd43fc7/112993663.jpg,https://media.goesenroos.nl/tr:n-2160w/wonen/9372619a29f90c001349c8a07a80a81fd43fc7/112993664.jpg,https://media.goesenroos.nl/tr:n-2160w/wonen/9372619a29f90c001349c8a07a80a81fd43fc7/112993665.jpg,https://media.goesenroos.nl/tr:n-2160w/wonen/9372619a29f90c001349c8a07a80a81fd43fc7/112993666.jpg,https://media.goesenroos.nl/tr:n-2160w/wonen/9372619a29f90c001349c8a07a80a81fd43fc7/112993667.jpg,https://media.goesenroos.nl/tr:n-2160w/wonen/9372619a29f90c001349c8a07a80a81fd43fc7/112993668.jpg,https://media.goesenroos.nl/tr:n-2160w/wonen/9372619a29f90c001349c8a07a80a81fd43fc7/112993669.jpg,https://media.goesenroos.nl/tr:n-2160w/wonen/9372619a29f90c001349c8a07a80a81fd43fc7/112993670.jpg",0,bovenwoning,,0,,,Waalstraat 120III,,"https://media.goesenroos.nl/tr:n-360w/wonen/9372619a29f90c001349c8a07a80a81fd43fc7/112993638.jpg,https://media.goesenroos.nl/tr:n-360w/wonen/9372619a29f90c001349c8a07a80a81fd43fc7/112993639.jpg,https://media.goesenroos.nl/tr:n-360w/wonen/9372619a29f90c001349c8a07a80a81fd43fc7/112993640.jpg,https://media.goesenroos.nl/tr:n-360w/wonen/9372619a29f90c001349c8a07a80a81fd43fc7/112993641.jpg,https://media.goesenroos.nl/tr:n-360w/wonen/9372619a29f90c001349c8a07a80a81fd43fc7/112993642.jpg,https://media.goesenroos.nl/tr:n-360w/wonen/9372619a29f90c001349c8a07a80a81fd43fc7/112993643.jpg,https://media.goesenroos.nl/tr:n-360w/wonen/9372619a29f90c001349c8a07a80a81fd43fc7/112993644.jpg,https://media.goesenroos.nl/tr:n-360w/wonen/9372619a29f90c001349c8a07a80a81fd43fc7/112993645.jpg,https://media.goesenroos.nl/tr:n-360w/wonen/9372619a29f90c001349c8a07a80a81fd43fc7/112993646.jpg,https://media.goesenroos.nl/tr:n-360w/wonen/9372619a29f90c001349c8a07a80a81fd43fc7/112993647.jpg,https://media.goesenroos.nl/tr:n-360w/wonen/9372619a29f90c001349c8a07a80a81fd43fc7/112993648.jpg,https://media.goesenroos.nl/tr:n-360w/wonen/9372619a29f90c001349c8a07a80a81fd43fc7/112993649.jpg,https://media.goesenroos.nl/tr:n-360w/wonen/9372619a29f90c001349c8a07a80a81fd43fc7/112993650.jpg,https://media.goesenroos.nl/tr:n-360w/wonen/9372619a29f90c001349c8a07a80a81fd43fc7/112993651.jpg,https://media.goesenroos.nl/tr:n-360w/wonen/9372619a29f90c001349c8a07a80a81fd43fc7/112993652.jpg,https://media.goesenroos.nl/tr:n-360w/wonen/9372619a29f90c001349c8a07a80a81fd43fc7/112993653.jpg,https://media.goesenroos.nl/tr:n-360w/wonen/9372619a29f90c001349c8a07a80a81fd43fc7/112993654.jpg,https://media.goesenroos.nl/tr:n-360w/wonen/9372619a29f90c001349c8a07a80a81fd43fc7/112993655.jpg,https://media.goesenroos.nl/tr:n-360w/wonen/9372619a29f90c001349c8a07a80a81fd43fc7/112993656.jpg,https://media.goesenroos.nl/tr:n-360w/wonen/9372619a29f90c001349c8a07a80a81fd43fc7/112993657.jpg,https://media.goesenroos.nl/tr:n-360w/wonen/9372619a29f90c001349c8a07a80a81fd43fc7/112993658.jpg,https://media.goesenroos.nl/tr:n-360w/wonen/9372619a29f90c001349c8a07a80a81fd43fc7/112993659.jpg,https://media.goesenroos.nl/tr:n-360w/wonen/9372619a29f90c001349c8a07a80a81fd43fc7/112993660.jpg,https://media.goesenroos.nl/tr:n-360w/wonen/9372619a29f90c001349c8a07a80a81fd43fc7/112993661.jpg,https://media.goesenroos.nl/tr:n-360w/wonen/9372619a29f90c001349c8a07a80a81fd43fc7/112993662.jpg,https://media.goesenroos.nl/tr:n-360w/wonen/9372619a29f90c001349c8a07a80a81fd43fc7/112993663.jpg,https://media.goesenroos.nl/tr:n-360w/wonen/9372619a29f90c001349c8a07a80a81fd43fc7/112993664.jpg,https://media.goesenroos.nl/tr:n-360w/wonen/9372619a29f90c001349c8a07a80a81fd43fc7/112993665.jpg,https://media.goesenroos.nl/tr:n-360w/wonen/9372619a29f90c001349c8a07a80a81fd43fc7/112993666.jpg,https://media.goesenroos.nl/tr:n-360w/wonen/9372619a29f90c001349c8a07a80a81fd43fc7/112993667.jpg,https://media.goesenroos.nl/tr:n-360w/wonen/9372619a29f90c001349c8a07a80a81fd43fc7/112993668.jpg,https://media.goesenroos.nl/tr:n-360w/wonen/9372619a29f90c001349c8a07a80a81fd43fc7/112993669.jpg,https://media.goesenroos.nl/tr:n-360w/wonen/9372619a29f90c001349c8a07a80a81fd43fc7/112993670.jpg",,https://www.keizerskroonmakelaars.nl/waalstraat-120iii-amsterdam-9372619a29f90c001349c8a07a80a81fd43fc7,1079EC
2,2,Amsterdam,,,0,"
Available immediately.
Bright furnished apartment available with a canal view in the center of Amsterdam. Close to Dam square and the popular Jordaan area.
Layout:
Through the common staircase with elevator you can easily enter the apartment that is located on the second floor. Living room with open kitchen, plenty windows and two doors opening to a fabulous view at the canal. The apartment has 2 bedrooms and 2 bathrooms. The master bedroom has a an-suite bathroom with a bath, shower, double sink and toilet. Next to the guest bedroom you will find a bathroom with a shower, toilet and washer/dryer.
- Available immediately
- Rent € 2.750.- euro excl.
- Deposit € 5.500.- euro
- Elevator
- Wooden floor
- 2 Bedrooms
- 2 Bathrooms
- 120 m2
- Great location
- Furnished
- Smoking and pets are not allowed
The location is in the prestigious historic Grachtengordel West / Negen Straatjes (nine streets) area. Here, you have an easy access to trendy shops, restaurants, cafés, cinemas and late opened supermarkets and takeaways. Despite of its central locations, the place is remarkably quiet, as there are barely any cars on the streets here.",,"aan rustige weg, in centrum cv ketel lift ",,9372618093ce4efb624d698570e5227cdb281e,52.36813555,0,4.88774025,,"https://media.goesenroos.nl/tr:n-2160w/wonen/9372618093ce4efb624d698570e5227cdb281e/112404316.jpg,https://media.goesenroos.nl/tr:n-2160w/wonen/9372618093ce4efb624d698570e5227cdb281e/112404317.jpg,https://media.goesenroos.nl/tr:n-2160w/wonen/9372618093ce4efb624d698570e5227cdb281e/112404318.jpg,https://media.goesenroos.nl/tr:n-2160w/wonen/9372618093ce4efb624d698570e5227cdb281e/112404319.jpg,https://media.goesenroos.nl/tr:n-2160w/wonen/9372618093ce4efb624d698570e5227cdb281e/112404320.jpg,https://media.goesenroos.nl/tr:n-2160w/wonen/9372618093ce4efb624d698570e5227cdb281e/112404321.jpg,https://media.goesenroos.nl/tr:n-2160w/wonen/9372618093ce4efb624d698570e5227cdb281e/112404322.jpg,https://media.goesenroos.nl/tr:n-2160w/wonen/9372618093ce4efb624d698570e5227cdb281e/112404323.jpg,https://media.goesenroos.nl/tr:n-2160w/wonen/9372618093ce4efb624d698570e5227cdb281e/112404324.jpg,https://media.goesenroos.nl/tr:n-2160w/wonen/9372618093ce4efb624d698570e5227cdb281e/112404325.jpg,https://media.goesenroos.nl/tr:n-2160w/wonen/9372618093ce4efb624d698570e5227cdb281e/112404326.jpg,https://media.goesenroos.nl/tr:n-2160w/wonen/9372618093ce4efb624d698570e5227cdb281e/112404327.jpg,https://media.goesenroos.nl/tr:n-2160w/wonen/9372618093ce4efb624d698570e5227cdb281e/112404328.jpg,https://media.goesenroos.nl/tr:n-2160w/wonen/9372618093ce4efb624d698570e5227cdb281e/112404329.jpg,https://media.goesenroos.nl/tr:n-2160w/wonen/9372618093ce4efb624d698570e5227cdb281e/112404330.jpg,https://media.goesenroos.nl/tr:n-2160w/wonen/9372618093ce4efb624d698570e5227cdb281e/112404331.jpg,https://media.goesenroos.nl/tr:n-2160w/wonen/9372618093ce4efb624d698570e5227cdb281e/112404332.jpg,https://media.goesenroos.nl/tr:n-2160w/wonen/9372618093ce4efb624d698570e5227cdb281e/112404333.jpg,https://media.goesenroos.nl/tr:n-2160w/wonen/9372618093ce4efb624d698570e5227cdb281e/112404334.jpg,https://media.goesenroos.nl/tr:n-2160w/wonen/9372618093ce4efb624d698570e5227cdb281e/112404335.jpg,https://media.goesenroos.nl/tr:n-2160w/wonen/9372618093ce4efb624d698570e5227cdb281e/112404336.jpg,https://media.goesenroos.nl/tr:n-2160w/wonen/9372618093ce4efb624d698570e5227cdb281e/112404337.jpg,https://media.goesenroos.nl/tr:n-2160w/wonen/9372618093ce4efb624d698570e5227cdb281e/112404338.jpg,https://media.goesenroos.nl/tr:n-2160w/wonen/9372618093ce4efb624d698570e5227cdb281e/112404339.jpg,https://media.goesenroos.nl/tr:n-2160w/wonen/9372618093ce4efb624d698570e5227cdb281e/112404340.jpg,https://media.goesenroos.nl/tr:n-2160w/wonen/9372618093ce4efb624d698570e5227cdb281e/112404341.jpg,https://media.goesenroos.nl/tr:n-2160w/wonen/9372618093ce4efb624d698570e5227cdb281e/112404342.jpg,https://media.goesenroos.nl/tr:n-2160w/wonen/9372618093ce4efb624d698570e5227cdb281e/112404343.jpg,https://media.goesenroos.nl/tr:n-2160w/wonen/9372618093ce4efb624d698570e5227cdb281e/112404344.jpg",3300.0,bovenwoning,,0,,,Beulingstraat 2B,,"https://media.goesenroos.nl/tr:n-360w/wonen/9372618093ce4efb624d698570e5227cdb281e/112404316.jpg,https://media.goesenroos.nl/tr:n-360w/wonen/9372618093ce4efb624d698570e5227cdb281e/112404317.jpg,https://media.goesenroos.nl/tr:n-360w/wonen/9372618093ce4efb624d698570e5227cdb281e/112404318.jpg,https://media.goesenroos.nl/tr:n-360w/wonen/9372618093ce4efb624d698570e5227cdb281e/112404319.jpg,https://media.goesenroos.nl/tr:n-360w/wonen/9372618093ce4efb624d698570e5227cdb281e/112404320.jpg,https://media.goesenroos.nl/tr:n-360w/wonen/9372618093ce4efb624d698570e5227cdb281e/112404321.jpg,https://media.goesenroos.nl/tr:n-360w/wonen/9372618093ce4efb624d698570e5227cdb281e/112404322.jpg,https://media.goesenroos.nl/tr:n-360w/wonen/9372618093ce4efb624d698570e5227cdb281e/112404323.jpg,https://media.goesenroos.nl/tr:n-360w/wonen/9372618093ce4efb624d698570e5227cdb281e/112404324.jpg,https://media.goesenroos.nl/tr:n-360w/wonen/9372618093ce4efb624d698570e5227cdb281e/112404325.jpg,https://media.goesenroos.nl/tr:n-360w/wonen/9372618093ce4efb624d698570e5227cdb281e/112404326.jpg,https://media.goesenroos.nl/tr:n-360w/wonen/9372618093ce4efb624d698570e5227cdb281e/112404327.jpg,https://media.goesenroos.nl/tr:n-360w/wonen/9372618093ce4efb624d698570e5227cdb281e/112404328.jpg,https://media.goesenroos.nl/tr:n-360w/wonen/9372618093ce4efb624d698570e5227cdb281e/112404329.jpg,https://media.goesenroos.nl/tr:n-360w/wonen/9372618093ce4efb624d698570e5227cdb281e/112404330.jpg,https://media.goesenroos.nl/tr:n-360w/wonen/9372618093ce4efb624d698570e5227cdb281e/112404331.jpg,https://media.goesenroos.nl/tr:n-360w/wonen/9372618093ce4efb624d698570e5227cdb281e/112404332.jpg,https://media.goesenroos.nl/tr:n-360w/wonen/9372618093ce4efb624d698570e5227cdb281e/112404333.jpg,https://media.goesenroos.nl/tr:n-360w/wonen/9372618093ce4efb624d698570e5227cdb281e/112404334.jpg,https://media.goesenroos.nl/tr:n-360w/wonen/9372618093ce4efb624d698570e5227cdb281e/112404335.jpg,https://media.goesenroos.nl/tr:n-360w/wonen/9372618093ce4efb624d698570e5227cdb281e/112404336.jpg,https://media.goesenroos.nl/tr:n-360w/wonen/9372618093ce4efb624d698570e5227cdb281e/112404337.jpg,https://media.goesenroos.nl/tr:n-360w/wonen/9372618093ce4efb624d698570e5227cdb281e/112404338.jpg,https://media.goesenroos.nl/tr:n-360w/wonen/9372618093ce4efb624d698570e5227cdb281e/112404339.jpg,https://media.goesenroos.nl/tr:n-360w/wonen/9372618093ce4efb624d698570e5227cdb281e/112404340.jpg,https://media.goesenroos.nl/tr:n-360w/wonen/9372618093ce4efb624d698570e5227cdb281e/112404341.jpg,https://media.goesenroos.nl/tr:n-360w/wonen/9372618093ce4efb624d698570e5227cdb281e/112404342.jpg,https://media.goesenroos.nl/tr:n-360w/wonen/9372618093ce4efb624d698570e5227cdb281e/112404343.jpg,https://media.goesenroos.nl/tr:n-360w/wonen/9372618093ce4efb624d698570e5227cdb281e/112404344.jpg",,https://www.keizerskroonmakelaars.nl/beulingstraat-2b-amsterdam-9372618093ce4efb624d698570e5227cdb281e,1017BA
2,3,Amsterdam,,,0,"
Bright and fully furnished penthouse-apartment of 145m2 with a spacious living room with a lot of windows, a modern kitchen with cook island, three bedrooms, two bathrooms and a private roof terrace of 70m2 with a unique view overlooking the city center. Possible to rent an indoor private parking underneath the building.

Layout:
With the elevator you go to the 9th top floor.

Entrance, hall with access to a guest room or study room, storage and a separate toilet.

Stairs to the 1st floor give access to the kitchen with living area, bathroom, laundry room and the master bedroom.
The modern kitchen with a cook island is provided with a large fridge, a freezer, a dishwasher and an oven.
The spacious and bright living room has many windows that gives the room a lot of daylight and an amazing view over Amsterdam.
At the rear is the master bedroom with large wardrobes.
The bathroom is provided with a walk-in shower, a bathtub, a sink and a toilet.

On the 2nd floor, the third bedroom/study room with a private bathroom with a shower and a sink. Through the sliding door you can enter the sun-drenched roof terrace of 70m2 with an incredible view overlooking Amsterdam.

Details:
- Rental price: € 3.690 excluding utilities, internet/tv, local taxes and parking place
- Excluding € 210 ,- for G/W/E
- Deposit 2 months
- Fully furnished
- Three bedrooms
- Two bathrooms
- Private roof terrace of 70m2
- Elevator
- An amazing view overlooking Amsterdam
- Private indoor parking place for rent for €220,- per month

Location:
The apartment is located in a large complex. The central train station and the Haarlemmerstraat with a variety of shops, bars and restaurants are within walking distance.  Also the supermarkets like the Albert Heijn and the Marqt. The public transport in this area is very good and around the corner.",,"in centrum, in woonwijk, open ligging, vrij uitzicht ",,93726140fb9dd82ad54f668dc51d72819b39b2,52.38423537,0,4.8926998,,"https://media.goesenroos.nl/tr:n-2160w/wonen/93726140fb9dd82ad54f668dc51d72819b39b2/113449266.jpg,https://media.goesenroos.nl/tr:n-2160w/wonen/93726140fb9dd82ad54f668dc51d72819b39b2/113449265.jpg,https://media.goesenroos.nl/tr:n-2160w/wonen/93726140fb9dd82ad54f668dc51d72819b39b2/113449267.jpg,https://media.goesenroos.nl/tr:n-2160w/wonen/93726140fb9dd82ad54f668dc51d72819b39b2/113449270.jpg,https://media.goesenroos.nl/tr:n-2160w/wonen/93726140fb9dd82ad54f668dc51d72819b39b2/113449268.jpg,https://media.goesenroos.nl/tr:n-2160w/wonen/93726140fb9dd82ad54f668dc51d72819b39b2/113449269.jpg,https://media.goesenroos.nl/tr:n-2160w/wonen/93726140fb9dd82ad54f668dc51d72819b39b2/113449271.jpg,https://media.goesenroos.nl/tr:n-2160w/wonen/93726140fb9dd82ad54f668dc51d72819b39b2/113449272.jpg,https://media.goesenroos.nl/tr:n-2160w/wonen/93726140fb9dd82ad54f668dc51d72819b39b2/113449273.jpg,https://media.goesenroos.nl/tr:n-2160w/wonen/93726140fb9dd82ad54f668dc51d72819b39b2/113449274.jpg,https://media.goesenroos.nl/tr:n-2160w/wonen/93726140fb9dd82ad54f668dc51d72819b39b2/113449275.jpg,https://media.goesenroos.nl/tr:n-2160w/wonen/93726140fb9dd82ad54f668dc51d72819b39b2/113449278.jpg,https://media.goesenroos.nl/tr:n-2160w/wonen/93726140fb9dd82ad54f668dc51d72819b39b2/113449279.jpg,https://media.goesenroos.nl/tr:n-2160w/wonen/93726140fb9dd82ad54f668dc51d72819b39b2/113449280.jpg,https://media.goesenroos.nl/tr:n-2160w/wonen/93726140fb9dd82ad54f668dc51d72819b39b2/113449281.jpg,https://media.goesenroos.nl/tr:n-2160w/wonen/93726140fb9dd82ad54f668dc51d72819b39b2/113449282.jpg,https://media.goesenroos.nl/tr:n-2160w/wonen/93726140fb9dd82ad54f668dc51d72819b39b2/113449283.jpg,https://media.goesenroos.nl/tr:n-2160w/wonen/93726140fb9dd82ad54f668dc51d72819b39b2/113449284.jpg,https://media.goesenroos.nl/tr:n-2160w/wonen/93726140fb9dd82ad54f668dc51d72819b39b2/113449285.jpg,https://media.goesenroos.nl/tr:n-2160w/wonen/93726140fb9dd82ad54f668dc51d72819b39b2/113449286.jpg,https://media.goesenroos.nl/tr:n-2160w/wonen/93726140fb9dd82ad54f668dc51d72819b39b2/113449287.jpg,https://media.goesenroos.nl/tr:n-2160w/wonen/93726140fb9dd82ad54f668dc51d72819b39b2/113449277.jpg,https://media.goesenroos.nl/tr:n-2160w/wonen/93726140fb9dd82ad54f668dc51d72819b39b2/113449276.jpg,https://media.goesenroos.nl/tr:n-2160w/wonen/93726140fb9dd82ad54f668dc51d72819b39b2/113449298.jpg,https://media.goesenroos.nl/tr:n-2160w/wonen/93726140fb9dd82ad54f668dc51d72819b39b2/113449296.jpg,https://media.goesenroos.nl/tr:n-2160w/wonen/93726140fb9dd82ad54f668dc51d72819b39b2/113449301.jpg,https://media.goesenroos.nl/tr:n-2160w/wonen/93726140fb9dd82ad54f668dc51d72819b39b2/113449304.jpg,https://media.goesenroos.nl/tr:n-2160w/wonen/93726140fb9dd82ad54f668dc51d72819b39b2/113449306.jpg,https://media.goesenroos.nl/tr:n-2160w/wonen/93726140fb9dd82ad54f668dc51d72819b39b2/113449308.jpg,https://media.goesenroos.nl/tr:n-2160w/wonen/93726140fb9dd82ad54f668dc51d72819b39b2/113449311.jpg,https://media.goesenroos.nl/tr:n-2160w/wonen/93726140fb9dd82ad54f668dc51d72819b39b2/113449290.jpg,https://media.goesenroos.nl/tr:n-2160w/wonen/93726140fb9dd82ad54f668dc51d72819b39b2/113449292.jpg,https://media.goesenroos.nl/tr:n-2160w/wonen/93726140fb9dd82ad54f668dc51d72819b39b2/113449315.jpg,https://media.goesenroos.nl/tr:n-2160w/wonen/93726140fb9dd82ad54f668dc51d72819b39b2/113449318.jpg,https://media.goesenroos.nl/tr:n-2160w/wonen/93726140fb9dd82ad54f668dc51d72819b39b2/113449319.jpg,https://media.goesenroos.nl/tr:n-2160w/wonen/93726140fb9dd82ad54f668dc51d72819b39b2/113449322.jpg,https://media.goesenroos.nl/tr:n-2160w/wonen/93726140fb9dd82ad54f668dc51d72819b39b2/113449326.jpg,https://media.goesenroos.nl/tr:n-2160w/wonen/93726140fb9dd82ad54f668dc51d72819b39b2/113449328.jpg,https://media.goesenroos.nl/tr:n-2160w/wonen/93726140fb9dd82ad54f668dc51d72819b39b2/113449331.jpg,https://media.goesenroos.nl/tr:n-2160w/wonen/93726140fb9dd82ad54f668dc51d72819b39b2/113449334.jpg,https://media.goesenroos.nl/tr:n-2160w/wonen/93726140fb9dd82ad54f668dc51d72819b39b2/113449337.jpg,https://media.goesenroos.nl/tr:n-2160w/wonen/93726140fb9dd82ad54f668dc51d72819b39b2/113449340.jpg,https://media.goesenroos.nl/tr:n-2160w/wonen/93726140fb9dd82ad54f668dc51d72819b39b2/113449343.jpg,https://media.goesenroos.nl/tr:n-2160w/wonen/93726140fb9dd82ad54f668dc51d72819b39b2/113449348.jpg,https://media.goesenroos.nl/tr:n-2160w/wonen/93726140fb9dd82ad54f668dc51d72819b39b2/113449349.jpg,https://media.goesenroos.nl/tr:n-2160w/wonen/93726140fb9dd82ad54f668dc51d72819b39b2/113449351.jpg,https://media.goesenroos.nl/tr:n-2160w/wonen/93726140fb9dd82ad54f668dc51d72819b39b2/113449352.jpg,https://media.goesenroos.nl/tr:n-2160w/wonen/93726140fb9dd82ad54f668dc51d72819b39b2/113449353.jpg,https://media.goesenroos.nl/tr:n-2160w/wonen/93726140fb9dd82ad54f668dc51d72819b39b2/113449354.jpg,https://media.goesenroos.nl/tr:n-2160w/wonen/93726140fb9dd82ad54f668dc51d72819b39b2/113449355.jpg,https://media.goesenroos.nl/tr:n-2160w/wonen/93726140fb9dd82ad54f668dc51d72819b39b2/113449356.jpg",3690.0,bovenwoning,,0,,,Westerdoksdijk 167,,"https://media.goesenroos.nl/tr:n-360w/wonen/93726140fb9dd82ad54f668dc51d72819b39b2/113449266.jpg,https://media.goesenroos.nl/tr:n-360w/wonen/93726140fb9dd82ad54f668dc51d72819b39b2/113449265.jpg,https://media.goesenroos.nl/tr:n-360w/wonen/93726140fb9dd82ad54f668dc51d72819b39b2/113449267.jpg,https://media.goesenroos.nl/tr:n-360w/wonen/93726140fb9dd82ad54f668dc51d72819b39b2/113449270.jpg,https://media.goesenroos.nl/tr:n-360w/wonen/93726140fb9dd82ad54f668dc51d72819b39b2/113449268.jpg,https://media.goesenroos.nl/tr:n-360w/wonen/93726140fb9dd82ad54f668dc51d72819b39b2/113449269.jpg,https://media.goesenroos.nl/tr:n-360w/wonen/93726140fb9dd82ad54f668dc51d72819b39b2/113449271.jpg,https://media.goesenroos.nl/tr:n-360w/wonen/93726140fb9dd82ad54f668dc51d72819b39b2/113449272.jpg,https://media.goesenroos.nl/tr:n-360w/wonen/93726140fb9dd82ad54f668dc51d72819b39b2/113449273.jpg,https://media.goesenroos.nl/tr:n-360w/wonen/93726140fb9dd82ad54f668dc51d72819b39b2/113449274.jpg,https://media.goesenroos.nl/tr:n-360w/wonen/93726140fb9dd82ad54f668dc51d72819b39b2/113449275.jpg,https://media.goesenroos.nl/tr:n-360w/wonen/93726140fb9dd82ad54f668dc51d72819b39b2/113449278.jpg,https://media.goesenroos.nl/tr:n-360w/wonen/93726140fb9dd82ad54f668dc51d72819b39b2/113449279.jpg,https://media.goesenroos.nl/tr:n-360w/wonen/93726140fb9dd82ad54f668dc51d72819b39b2/113449280.jpg,https://media.goesenroos.nl/tr:n-360w/wonen/93726140fb9dd82ad54f668dc51d72819b39b2/113449281.jpg,https://media.goesenroos.nl/tr:n-360w/wonen/93726140fb9dd82ad54f668dc51d72819b39b2/113449282.jpg,https://media.goesenroos.nl/tr:n-360w/wonen/93726140fb9dd82ad54f668dc51d72819b39b2/113449283.jpg,https://media.goesenroos.nl/tr:n-360w/wonen/93726140fb9dd82ad54f668dc51d72819b39b2/113449284.jpg,https://media.goesenroos.nl/tr:n-360w/wonen/93726140fb9dd82ad54f668dc51d72819b39b2/113449285.jpg,https://media.goesenroos.nl/tr:n-360w/wonen/93726140fb9dd82ad54f668dc51d72819b39b2/113449286.jpg,https://media.goesenroos.nl/tr:n-360w/wonen/93726140fb9dd82ad54f668dc51d72819b39b2/113449287.jpg,https://media.goesenroos.nl/tr:n-360w/wonen/93726140fb9dd82ad54f668dc51d72819b39b2/113449277.jpg,https://media.goesenroos.nl/tr:n-360w/wonen/93726140fb9dd82ad54f668dc51d72819b39b2/113449276.jpg,https://media.goesenroos.nl/tr:n-360w/wonen/93726140fb9dd82ad54f668dc51d72819b39b2/113449298.jpg,https://media.goesenroos.nl/tr:n-360w/wonen/93726140fb9dd82ad54f668dc51d72819b39b2/113449296.jpg,https://media.goesenroos.nl/tr:n-360w/wonen/93726140fb9dd82ad54f668dc51d72819b39b2/113449301.jpg,https://media.goesenroos.nl/tr:n-360w/wonen/93726140fb9dd82ad54f668dc51d72819b39b2/113449304.jpg,https://media.goesenroos.nl/tr:n-360w/wonen/93726140fb9dd82ad54f668dc51d72819b39b2/113449306.jpg,https://media.goesenroos.nl/tr:n-360w/wonen/93726140fb9dd82ad54f668dc51d72819b39b2/113449308.jpg,https://media.goesenroos.nl/tr:n-360w/wonen/93726140fb9dd82ad54f668dc51d72819b39b2/113449311.jpg,https://media.goesenroos.nl/tr:n-360w/wonen/93726140fb9dd82ad54f668dc51d72819b39b2/113449290.jpg,https://media.goesenroos.nl/tr:n-360w/wonen/93726140fb9dd82ad54f668dc51d72819b39b2/113449292.jpg,https://media.goesenroos.nl/tr:n-360w/wonen/93726140fb9dd82ad54f668dc51d72819b39b2/113449315.jpg,https://media.goesenroos.nl/tr:n-360w/wonen/93726140fb9dd82ad54f668dc51d72819b39b2/113449318.jpg,https://media.goesenroos.nl/tr:n-360w/wonen/93726140fb9dd82ad54f668dc51d72819b39b2/113449319.jpg,https://media.goesenroos.nl/tr:n-360w/wonen/93726140fb9dd82ad54f668dc51d72819b39b2/113449322.jpg,https://media.goesenroos.nl/tr:n-360w/wonen/93726140fb9dd82ad54f668dc51d72819b39b2/113449326.jpg,https://media.goesenroos.nl/tr:n-360w/wonen/93726140fb9dd82ad54f668dc51d72819b39b2/113449328.jpg,https://media.goesenroos.nl/tr:n-360w/wonen/93726140fb9dd82ad54f668dc51d72819b39b2/113449331.jpg,https://media.goesenroos.nl/tr:n-360w/wonen/93726140fb9dd82ad54f668dc51d72819b39b2/113449334.jpg,https://media.goesenroos.nl/tr:n-360w/wonen/93726140fb9dd82ad54f668dc51d72819b39b2/113449337.jpg,https://media.goesenroos.nl/tr:n-360w/wonen/93726140fb9dd82ad54f668dc51d72819b39b2/113449340.jpg,https://media.goesenroos.nl/tr:n-360w/wonen/93726140fb9dd82ad54f668dc51d72819b39b2/113449343.jpg,https://media.goesenroos.nl/tr:n-360w/wonen/93726140fb9dd82ad54f668dc51d72819b39b2/113449348.jpg,https://media.goesenroos.nl/tr:n-360w/wonen/93726140fb9dd82ad54f668dc51d72819b39b2/113449349.jpg,https://media.goesenroos.nl/tr:n-360w/wonen/93726140fb9dd82ad54f668dc51d72819b39b2/113449351.jpg,https://media.goesenroos.nl/tr:n-360w/wonen/93726140fb9dd82ad54f668dc51d72819b39b2/113449352.jpg,https://media.goesenroos.nl/tr:n-360w/wonen/93726140fb9dd82ad54f668dc51d72819b39b2/113449353.jpg,https://media.goesenroos.nl/tr:n-360w/wonen/93726140fb9dd82ad54f668dc51d72819b39b2/113449354.jpg,https://media.goesenroos.nl/tr:n-360w/wonen/93726140fb9dd82ad54f668dc51d72819b39b2/113449355.jpg,https://media.goesenroos.nl/tr:n-360w/wonen/93726140fb9dd82ad54f668dc51d72819b39b2/113449356.jpg",,https://www.keizerskroonmakelaars.nl/westerdoksdijk-167-amsterdam-93726140fb9dd82ad54f668dc51d72819b39b2,1013AD
1,1,Amsterdam,,,0,"
A nice renovated and fully furnished apartment of 77m2 with an open kitchen, a spacious dining area with sofa, two sliding doors to the TV room, a bathroom with en suite the bathroom and two balconies. The apartment is located on the first floor in the Musuem Quarter of Amsterdam Old-South.

Layout:
You reach the apartment through the communal entrance on the ground floor with stairs to the first floor.
Entrance, the hall with a separate toilet and a storage room with the central heating system. At the front the open kitchen who is fully equipped with all appliances like a Smeg oven with a 4-burner cooker, fridge, freezer, microwave, extractor and dishwasher. From the spacious living area with high ceilings you can reach the sunny south-facing balcony where you can enjoy the sun. Through the en suite sliding doors you reach the TV room with built-in closets and the second balcony.
At the rear is the bedroom with a classic sink and a cabinet including the washer/dryer. You can access the tiled bathroom who is provided with a walk-in shower.
The whole apartment has a herringbone floor that gives a warm feeling and a chic look.

Details:
Rental price: €2.250 excluding utilities and local taxes
2 months deposit
Fully furnished
77m2
Renovated apartment
One-bedroom
Two balconies
High ceilings
Maximum 24 months contract (Model B)

Location:
The apartment is located in a green and child-friendly street. There are many shops, restaurants and nice cafes in this neighborhood. Within walking distance you are at the Museumplein with the supermarket and the Concertgebouw, P.C. Hooftstraat and Cornelis Schuytstraat. Also Vondelpark is immediately vicinity. The public transport in this area is very good, you can take different tramlines. There is also a good connection to the Ring A1- by car.",,"aan rustige weg, in centrum, in woonwijk cv ketel ",,9372613ae1bb1790264eb5bfa35ea193fcf6bf,52.35417253,0,4.88020595,,"https://media.goesenroos.nl/tr:n-2160w/wonen/9372613ae1bb1790264eb5bfa35ea193fcf6bf/115645177.jpg,https://media.goesenroos.nl/tr:n-2160w/wonen/9372613ae1bb1790264eb5bfa35ea193fcf6bf/115645172.jpg,https://media.goesenroos.nl/tr:n-2160w/wonen/9372613ae1bb1790264eb5bfa35ea193fcf6bf/115645171.jpg,https://media.goesenroos.nl/tr:n-2160w/wonen/9372613ae1bb1790264eb5bfa35ea193fcf6bf/115645173.jpg,https://media.goesenroos.nl/tr:n-2160w/wonen/9372613ae1bb1790264eb5bfa35ea193fcf6bf/115645187.jpg,https://media.goesenroos.nl/tr:n-2160w/wonen/9372613ae1bb1790264eb5bfa35ea193fcf6bf/115645188.jpg,https://media.goesenroos.nl/tr:n-2160w/wonen/9372613ae1bb1790264eb5bfa35ea193fcf6bf/115645174.jpg,https://media.goesenroos.nl/tr:n-2160w/wonen/9372613ae1bb1790264eb5bfa35ea193fcf6bf/115645175.jpg,https://media.goesenroos.nl/tr:n-2160w/wonen/9372613ae1bb1790264eb5bfa35ea193fcf6bf/115645176.jpg,https://media.goesenroos.nl/tr:n-2160w/wonen/9372613ae1bb1790264eb5bfa35ea193fcf6bf/115645170.jpg,https://media.goesenroos.nl/tr:n-2160w/wonen/9372613ae1bb1790264eb5bfa35ea193fcf6bf/115645180.jpg,https://media.goesenroos.nl/tr:n-2160w/wonen/9372613ae1bb1790264eb5bfa35ea193fcf6bf/115645181.jpg,https://media.goesenroos.nl/tr:n-2160w/wonen/9372613ae1bb1790264eb5bfa35ea193fcf6bf/115645189.jpg,https://media.goesenroos.nl/tr:n-2160w/wonen/9372613ae1bb1790264eb5bfa35ea193fcf6bf/115645182.jpg,https://media.goesenroos.nl/tr:n-2160w/wonen/9372613ae1bb1790264eb5bfa35ea193fcf6bf/115645183.jpg,https://media.goesenroos.nl/tr:n-2160w/wonen/9372613ae1bb1790264eb5bfa35ea193fcf6bf/115645184.jpg,https://media.goesenroos.nl/tr:n-2160w/wonen/9372613ae1bb1790264eb5bfa35ea193fcf6bf/115645185.jpg,https://media.goesenroos.nl/tr:n-2160w/wonen/9372613ae1bb1790264eb5bfa35ea193fcf6bf/115645186.jpg,https://media.goesenroos.nl/tr:n-2160w/wonen/9372613ae1bb1790264eb5bfa35ea193fcf6bf/115645168.jpg",0,bovenwoning,,0,,,Frans van Mierisstraat 60-1,,"https://media.goesenroos.nl/tr:n-360w/wonen/9372613ae1bb1790264eb5bfa35ea193fcf6bf/115645177.jpg,https://media.goesenroos.nl/tr:n-360w/wonen/9372613ae1bb1790264eb5bfa35ea193fcf6bf/115645172.jpg,https://media.goesenroos.nl/tr:n-360w/wonen/9372613ae1bb1790264eb5bfa35ea193fcf6bf/115645171.jpg,https://media.goesenroos.nl/tr:n-360w/wonen/9372613ae1bb1790264eb5bfa35ea193fcf6bf/115645173.jpg,https://media.goesenroos.nl/tr:n-360w/wonen/9372613ae1bb1790264eb5bfa35ea193fcf6bf/115645187.jpg,https://media.goesenroos.nl/tr:n-360w/wonen/9372613ae1bb1790264eb5bfa35ea193fcf6bf/115645188.jpg,https://media.goesenroos.nl/tr:n-360w/wonen/9372613ae1bb1790264eb5bfa35ea193fcf6bf/115645174.jpg,https://media.goesenroos.nl/tr:n-360w/wonen/9372613ae1bb1790264eb5bfa35ea193fcf6bf/115645175.jpg,https://media.goesenroos.nl/tr:n-360w/wonen/9372613ae1bb1790264eb5bfa35ea193fcf6bf/115645176.jpg,https://media.goesenroos.nl/tr:n-360w/wonen/9372613ae1bb1790264eb5bfa35ea193fcf6bf/115645170.jpg,https://media.goesenroos.nl/tr:n-360w/wonen/9372613ae1bb1790264eb5bfa35ea193fcf6bf/115645180.jpg,https://media.goesenroos.nl/tr:n-360w/wonen/9372613ae1bb1790264eb5bfa35ea193fcf6bf/115645181.jpg,https://media.goesenroos.nl/tr:n-360w/wonen/9372613ae1bb1790264eb5bfa35ea193fcf6bf/115645189.jpg,https://media.goesenroos.nl/tr:n-360w/wonen/9372613ae1bb1790264eb5bfa35ea193fcf6bf/115645182.jpg,https://media.goesenroos.nl/tr:n-360w/wonen/9372613ae1bb1790264eb5bfa35ea193fcf6bf/115645183.jpg,https://media.goesenroos.nl/tr:n-360w/wonen/9372613ae1bb1790264eb5bfa35ea193fcf6bf/115645184.jpg,https://media.goesenroos.nl/tr:n-360w/wonen/9372613ae1bb1790264eb5bfa35ea193fcf6bf/115645185.jpg,https://media.goesenroos.nl/tr:n-360w/wonen/9372613ae1bb1790264eb5bfa35ea193fcf6bf/115645186.jpg,https://media.goesenroos.nl/tr:n-360w/wonen/9372613ae1bb1790264eb5bfa35ea193fcf6bf/115645168.jpg",,https://www.keizerskroonmakelaars.nl/frans-van-mierisstraat-60-1-amsterdam-9372613ae1bb1790264eb5bfa35ea193fcf6bf,1071RW
1,1,Amsterdam,,,0,"
In the most popular and trendy area location ''The Pijp'' you will find this beautiful one-bedroom apartment. The house is located in a quiet street of the Pijp. Once you walk a bit further, you will stand at the lively Ferdinand Bolstraat, Marie Heinekenplein and the famous Albert Cuyp market. There are many shops, cozy restaurants and cafes.

Layout:
You enter the apartment through a common staircase. In the hall there is enough space for your coats and shoes.The living room is bright and has an open kitchen and a large balcony. The apartment has 1 bedroom with fitted wardrobes, bathroom with sink and a shower and a washing machine and dryer. Furthermore, there is a separate toilet. The apartment is modern and perfect for a single person.

Details:
- Available January 1st 2022
- Rental price € 1.550,- excl. utilities, internet/TV, local taxes
- Rental period minimum 1 year
- Central heating costs of €35,- per month
- Fully furnished
- Two months deposit
- Smoking is not allowed
- Mandatory cleaning 2 times a month, excluding the rental price

Location:
The apartment is located in the district of South in the popular neighborhood known as the Pijp. Nearby are many stores, supermarkets, restaurants and cafes, not to forget the Albert Cuyp market. Within walking distance you will find both the Sarphatipark and the Vondelpark. Public transport is very good and easily accessible, the house is near the Ferdinand Bolstraat, the Weteringcircuit and of course the North-South line.  There is a very good accessibility by public transport, the Ferdinand Bolstraat, the Weteringcircuit and of course the North South Line.",,"in centrum, in woonwijk blokverwarming tv kabel ",,937261ac7459ae021244269d995e4cbcd31bbf,52.35400482,0,4.88939647,,"https://media.goesenroos.nl/tr:n-2160w/wonen/937261ac7459ae021244269d995e4cbcd31bbf/116388075.jpg,https://media.goesenroos.nl/tr:n-2160w/wonen/937261ac7459ae021244269d995e4cbcd31bbf/116388076.jpg,https://media.goesenroos.nl/tr:n-2160w/wonen/937261ac7459ae021244269d995e4cbcd31bbf/116388077.jpg,https://media.goesenroos.nl/tr:n-2160w/wonen/937261ac7459ae021244269d995e4cbcd31bbf/116388078.jpg,https://media.goesenroos.nl/tr:n-2160w/wonen/937261ac7459ae021244269d995e4cbcd31bbf/116388079.jpg,https://media.goesenroos.nl/tr:n-2160w/wonen/937261ac7459ae021244269d995e4cbcd31bbf/116388080.jpg,https://media.goesenroos.nl/tr:n-2160w/wonen/937261ac7459ae021244269d995e4cbcd31bbf/116388081.jpg,https://media.goesenroos.nl/tr:n-2160w/wonen/937261ac7459ae021244269d995e4cbcd31bbf/116388082.jpg,https://media.goesenroos.nl/tr:n-2160w/wonen/937261ac7459ae021244269d995e4cbcd31bbf/116388083.jpg,https://media.goesenroos.nl/tr:n-2160w/wonen/937261ac7459ae021244269d995e4cbcd31bbf/116388085.jpg,https://media.goesenroos.nl/tr:n-2160w/wonen/937261ac7459ae021244269d995e4cbcd31bbf/116388086.jpg,https://media.goesenroos.nl/tr:n-2160w/wonen/937261ac7459ae021244269d995e4cbcd31bbf/116388087.jpg,https://media.goesenroos.nl/tr:n-2160w/wonen/937261ac7459ae021244269d995e4cbcd31bbf/116388088.jpg,https://media.goesenroos.nl/tr:n-2160w/wonen/937261ac7459ae021244269d995e4cbcd31bbf/116388089.jpg,https://media.goesenroos.nl/tr:n-2160w/wonen/937261ac7459ae021244269d995e4cbcd31bbf/116388090.jpg,https://media.goesenroos.nl/tr:n-2160w/wonen/937261ac7459ae021244269d995e4cbcd31bbf/116388091.jpg,https://media.goesenroos.nl/tr:n-2160w/wonen/937261ac7459ae021244269d995e4cbcd31bbf/116388092.jpg,https://media.goesenroos.nl/tr:n-2160w/wonen/937261ac7459ae021244269d995e4cbcd31bbf/116388093.jpg,https://media.goesenroos.nl/tr:n-2160w/wonen/937261ac7459ae021244269d995e4cbcd31bbf/116388094.jpg,https://media.goesenroos.nl/tr:n-2160w/wonen/937261ac7459ae021244269d995e4cbcd31bbf/116388095.jpg,https://media.goesenroos.nl/tr:n-2160w/wonen/937261ac7459ae021244269d995e4cbcd31bbf/116388096.jpg,https://media.goesenroos.nl/tr:n-2160w/wonen/937261ac7459ae021244269d995e4cbcd31bbf/116388097.jpg,https://media.goesenroos.nl/tr:n-2160w/wonen/937261ac7459ae021244269d995e4cbcd31bbf/116388098.jpg,https://media.goesenroos.nl/tr:n-2160w/wonen/937261ac7459ae021244269d995e4cbcd31bbf/116388099.jpg,https://media.goesenroos.nl/tr:n-2160w/wonen/937261ac7459ae021244269d995e4cbcd31bbf/116388100.jpg,https://media.goesenroos.nl/tr:n-2160w/wonen/937261ac7459ae021244269d995e4cbcd31bbf/116388101.jpg,https://media.goesenroos.nl/tr:n-2160w/wonen/937261ac7459ae021244269d995e4cbcd31bbf/116388102.jpg,https://media.goesenroos.nl/tr:n-2160w/wonen/937261ac7459ae021244269d995e4cbcd31bbf/116388103.jpg,https://media.goesenroos.nl/tr:n-2160w/wonen/937261ac7459ae021244269d995e4cbcd31bbf/116388104.jpg,https://media.goesenroos.nl/tr:n-2160w/wonen/937261ac7459ae021244269d995e4cbcd31bbf/116388105.jpg,https://media.goesenroos.nl/tr:n-2160w/wonen/937261ac7459ae021244269d995e4cbcd31bbf/116388106.jpg,https://media.goesenroos.nl/tr:n-2160w/wonen/937261ac7459ae021244269d995e4cbcd31bbf/116388107.jpg",1550.0,portiekwoning,,0,,,Eerste Jan Steenstraat 73A,,"https://media.goesenroos.nl/tr:n-360w/wonen/937261ac7459ae021244269d995e4cbcd31bbf/116388075.jpg,https://media.goesenroos.nl/tr:n-360w/wonen/937261ac7459ae021244269d995e4cbcd31bbf/116388076.jpg,https://media.goesenroos.nl/tr:n-360w/wonen/937261ac7459ae021244269d995e4cbcd31bbf/116388077.jpg,https://media.goesenroos.nl/tr:n-360w/wonen/937261ac7459ae021244269d995e4cbcd31bbf/116388078.jpg,https://media.goesenroos.nl/tr:n-360w/wonen/937261ac7459ae021244269d995e4cbcd31bbf/116388079.jpg,https://media.goesenroos.nl/tr:n-360w/wonen/937261ac7459ae021244269d995e4cbcd31bbf/116388080.jpg,https://media.goesenroos.nl/tr:n-360w/wonen/937261ac7459ae021244269d995e4cbcd31bbf/116388081.jpg,https://media.goesenroos.nl/tr:n-360w/wonen/937261ac7459ae021244269d995e4cbcd31bbf/116388082.jpg,https://media.goesenroos.nl/tr:n-360w/wonen/937261ac7459ae021244269d995e4cbcd31bbf/116388083.jpg,https://media.goesenroos.nl/tr:n-360w/wonen/937261ac7459ae021244269d995e4cbcd31bbf/116388085.jpg,https://media.goesenroos.nl/tr:n-360w/wonen/937261ac7459ae021244269d995e4cbcd31bbf/116388086.jpg,https://media.goesenroos.nl/tr:n-360w/wonen/937261ac7459ae021244269d995e4cbcd31bbf/116388087.jpg,https://media.goesenroos.nl/tr:n-360w/wonen/937261ac7459ae021244269d995e4cbcd31bbf/116388088.jpg,https://media.goesenroos.nl/tr:n-360w/wonen/937261ac7459ae021244269d995e4cbcd31bbf/116388089.jpg,https://media.goesenroos.nl/tr:n-360w/wonen/937261ac7459ae021244269d995e4cbcd31bbf/116388090.jpg,https://media.goesenroos.nl/tr:n-360w/wonen/937261ac7459ae021244269d995e4cbcd31bbf/116388091.jpg,https://media.goesenroos.nl/tr:n-360w/wonen/937261ac7459ae021244269d995e4cbcd31bbf/116388092.jpg,https://media.goesenroos.nl/tr:n-360w/wonen/937261ac7459ae021244269d995e4cbcd31bbf/116388093.jpg,https://media.goesenroos.nl/tr:n-360w/wonen/937261ac7459ae021244269d995e4cbcd31bbf/116388094.jpg,https://media.goesenroos.nl/tr:n-360w/wonen/937261ac7459ae021244269d995e4cbcd31bbf/116388095.jpg,https://media.goesenroos.nl/tr:n-360w/wonen/937261ac7459ae021244269d995e4cbcd31bbf/116388096.jpg,https://media.goesenroos.nl/tr:n-360w/wonen/937261ac7459ae021244269d995e4cbcd31bbf/116388097.jpg,https://media.goesenroos.nl/tr:n-360w/wonen/937261ac7459ae021244269d995e4cbcd31bbf/116388098.jpg,https://media.goesenroos.nl/tr:n-360w/wonen/937261ac7459ae021244269d995e4cbcd31bbf/116388099.jpg,https://media.goesenroos.nl/tr:n-360w/wonen/937261ac7459ae021244269d995e4cbcd31bbf/116388100.jpg,https://media.goesenroos.nl/tr:n-360w/wonen/937261ac7459ae021244269d995e4cbcd31bbf/116388101.jpg,https://media.goesenroos.nl/tr:n-360w/wonen/937261ac7459ae021244269d995e4cbcd31bbf/116388102.jpg,https://media.goesenroos.nl/tr:n-360w/wonen/937261ac7459ae021244269d995e4cbcd31bbf/116388103.jpg,https://media.goesenroos.nl/tr:n-360w/wonen/937261ac7459ae021244269d995e4cbcd31bbf/116388104.jpg,https://media.goesenroos.nl/tr:n-360w/wonen/937261ac7459ae021244269d995e4cbcd31bbf/116388105.jpg,https://media.goesenroos.nl/tr:n-360w/wonen/937261ac7459ae021244269d995e4cbcd31bbf/116388106.jpg,https://media.goesenroos.nl/tr:n-360w/wonen/937261ac7459ae021244269d995e4cbcd31bbf/116388107.jpg",,https://www.keizerskroonmakelaars.nl/eerste-jan-steenstraat-73a-amsterdam-937261ac7459ae021244269d995e4cbcd31bbf,1072ND
